duration_seconds,duration_formatted,distance_km
7.0,0:00:07,0.10005
34.0,0:00:34,0.16769
26.0,0:00:26,5.4925299999999995
9.0,0:00:09,24.95271
