distance_km,duration_seconds,duration_formatted
0.0625,46.0,0:00:46
8.13767,25.0,0:00:25
11.80437,9.0,0:00:09
11.81692,8.0,0:00:08
11.90025,4.0,0:00:04
