distance_km,duration_seconds,duration_formatted
0.10005,7.0,0:00:07
0.16769,34.0,0:00:34
5.4925299999999995,26.0,0:00:26
24.95271,9.0,0:00:09
