distance_km,duration_seconds,duration_formatted
0.08941,7.0,0:00:07
0.17262,8.0,0:00:08
22.856630000000003,14.0,0:00:14
