duration_seconds,duration_formatted,distance_km
7.0,0:00:07,0.08941
8.0,0:00:08,0.17262
14.0,0:00:14,22.856630000000003
