duration_seconds,duration_formatted,distance_km
5.0,0:00:05,0.09711
5.0,0:00:05,2.18602
54.0,0:00:54,9.762979999999999
7.0,0:00:07,9.867059999999999
