duration_seconds,duration_formatted,distance_km
9.0,0:00:09,0.04417
96.0,0:01:36,0.10676000000000001
16.0,0:00:16,9.82471
36.0,0:00:36,9.83589
