duration_seconds,duration_formatted,distance_km
380.0,0:06:20,2.59451
33.0,0:00:33,6.50372
7.0,0:00:07,7.799180000000001
